FORMULA,PROPERTY: Microstructure,PROPERTY: Processing method,PROPERTY: BCC/FCC/other,PROPERTY: HV
Al0.25 Co1 Fe1 Ni1,FCC,CAST,FCC,138
Al0.5 Co1 Fe1 Ni1,FCC+BCC,CAST,other,212
Al0.75 Co1 Fe1 Ni1,FCC+BCC,CAST,other,385
Al1 Co1 Fe1 Ni1,BCC,CAST,BCC,456
Co1 Fe1 Ni1,FCC,CAST,FCC,125
Co1 Fe1 Ni1,FCC,CAST,FCC,125
Co1 Fe1 Ni1 Si0.25,FCC,CAST,FCC,149
Co1 Fe1 Ni1 Si0.5,FCC+Sec.,CAST,other,287
Co1 Fe1 Ni1 Si0.75,FCC+Sec.,CAST,other,570
Co1 Cr1 Fe1 Nb0.103 Ni1,FCC+Sec.,CAST,other,
Co1 Cr1 Fe1 Nb0.155 Ni1,FCC+Sec.,CAST,other,
Co1 Cr1 Fe1 Nb0.206 Ni1,FCC+Sec.,CAST,other,
Co1 Cr1 Fe1 Nb0.309 Ni1,FCC+Sec.,CAST,other,
Co1 Cr1 Fe1 Nb0.412 Ni1,FCC+Sec.,CAST,other,
Co1 Cr1 Fe1 Ni1,FCC,CAST,FCC,
Al0.5 Co1 Cr1 Fe1 Mo0.5 Ni1,FCC+Sec.,CAST,other,425
Al1 Co0.667 Cr0.667 Fe0.667 Mo0.333 Ni0.667,B2+Sec.,CAST,other,655
Al1 Co0.5 Cr0.5 Fe0.5 Mo0.25 Ni0.5,BCC+B2,CAST,other,605
Al1 Co1 Cr1 Fe1 Mo0.5 Ni1,B2+Sec.,CAST,other,715
Co1 Cr1 Fe1 Mo0.5 Ni1,FCC+Sec.,CAST,other,210
Al0.5 Co1 Cr1 Fe1 Ni1 Ti1,BCC+Laves,CAST,other,
Al1 Co0.667 Cr0.667 Fe0.667 Ni0.667 Ti0.667,BCC+BCC,CAST,other,
Al1 Co0.5 Cr0.5 Fe0.5 Ni0.5 Ti0.5,BCC+BCC,CAST,other,643
Al1 Co1 Cr1 Fe1 Ni1 Ti1,BCC+Laves,CAST,other,
Co1 Cr1 Fe1 Ni1 Ti1,FCC,CAST,FCC,
Al1 Co0.667 Cr0.667 Fe0.667 Ni0.667,BCC,CAST,BCC,402
Al1 Co0.4 Cr0.4 Fe0.4 Ni0.4,BCC,CAST,BCC,487
Al1 Co0.5 Cr0.5 Fe0.5 Ni0.5,BCC,CAST,BCC,432
Al1 Co0.333 Cr0.333 Fe0.333 Ni0.333,BCC,CAST,BCC,506
Al1 Co1 Cr1 Fe1 Ni1,BCC,CAST,BCC,395
Al1 Cr1 Cu1 Fe1 Ni1,FCC+BCC,CAST,other,342
Co1 Cr1 Cu1 Fe1 Ni1,FCC,CAST,FCC,286
Cr1 Cu1 Fe1 Mn1 Ni1,FCC+BCC,CAST,other,296
Cr1 Cu1 Fe1 Mo1 Ni1,FCC,CAST,FCC,263
Al1 Co1 Cr1 Fe1 Ni1,BCC,CAST,BCC,
Al1 C0.1 Co1 Cr1 Fe1 Ni1,BCC+Sec.,CAST,other,
Al1 C0.2 Co1 Cr1 Fe1 Ni1,BCC+Sec.,CAST,other,
Al1 C0.3 Co1 Cr1 Fe1 Ni1,BCC+Sec.,CAST,other,
Al1 C0.4 Co1 Cr1 Fe1 Ni1,BCC+Sec.,CAST,other,
Al1 C0.5 Co1 Cr1 Fe1 Ni1,BCC+Sec.,CAST,other,
Al0.667 C1 Co0.667 Cr0.667 Fe0.667 Ni0.667,BCC+Sec.,CAST,other,
Al1 C1 Co1 Cr1 Fe1 Ni1,BCC+Sec.,CAST,other,
Al1 Co1 Cr1 Fe1 Ni1,BCC,CAST,BCC,
Al1 Co1 Cr1 Fe1 Mo0.1 Ni1,BCC,CAST,BCC,
Al1 Co1 Cr1 Fe1 Mo0.2 Ni1,BCC+Sec.,CAST,other,
Al1 Co1 Cr1 Fe1 Mo0.3 Ni1,BCC+Sec.,CAST,other,
Al1 Co1 Cr1 Fe1 Mo0.4 Ni1,BCC+Sec.,CAST,other,
Al1 Co1 Cr1 Fe1 Mo0.5 Ni1,BCC+Sec.,CAST,other,
Al1 Co1 Cr1 Fe1 Ni1,BCC,CAST,BCC,
Al1 Co1 Cr1 Fe1 Nb0.1 Ni1,BCC,CAST,BCC,569
Al1 Co1 Cr1 Fe1 Nb0.25 Ni1,BCC+Sec.,CAST,other,668
Al1 Co1 Cr1 Fe1 Nb0.5 Ni1,BCC+Sec.,CAST,other,747
Al1 Co1 Cr1 Fe1 Nb0.75 Ni1,BCC+Sec.,CAST,other,
Al1 Co1 Cr1 Fe1 Ni1,BCC,CAST,BCC,520
Al0.8 Co1 Cr1 Cu1 Fe1 Ni1,FCC+BCC,CAST,other,270
Al1 Co0.5 Cr1 Fe1 Mo0.5 Ni1,BCC+Sec.,CAST,other,801
Al0.667 Co1 Cr0.667 Fe0.667 Mo0.333 Ni0.667,BCC+Sec.,CAST,other,741
Al0.5 Co1 Cr0.5 Fe0.5 Mo0.25 Ni0.5,FCC+BCC+Sec.,CAST,other,586
Al1 Co1 Cr1 Fe1 Mo0.5 Ni1,BCC+Sec.,CAST,other,796
Al1 Co1 Cr1 Fe1 Mo0.5 Ni1,BCC+Sec.,CAST,other,755
Al1 Co1 Cr1 Fe0.6 Mo0.5 Ni1,BCC+Sec.,CAST,other,754
Al0.667 Co0.667 Cr0.667 Fe1 Mo0.333 Ni0.667,BCC+Sec.,CAST,other,635
Al0.5 Co0.5 Cr0.5 Fe1 Mo0.25 Ni0.5,BCC+Sec.,CAST,other,639
Al1 Co1 Cr1 Fe1 Mo0.5,B2+Sec.,CAST,other,857
Al1 Co1 Cr1 Fe1 Mo0.5 Ni1,B2+Sec.,CAST,other,730
Al1 Co1 Cr1 Fe1 Mo0.5 Ni0.5,B2+Sec.,CAST,other,708
Al0.667 Co0.667 Cr0.667 Fe0.667 Mo0.333 Ni1,FCC+B2+Sec.,CAST,other,586
Al0.5 Co0.5 Cr0.5 Fe0.5 Mo0.25 Ni1,FCC+B2+Sec.,CAST,other,395
Al1 Co1 Cr1 Fe1 Ni1,BCC,CAST,BCC,
Al1 Co1 Cr1 Fe1 Ni1 Si1,BCC+Sec.,CAST,other,
Al1 Co1 Cr1 Fe1 Ni1 Si0.2,BCC,CAST,BCC,
Al1 Co1 Cr1 Fe1 Ni1 Si0.4,BCC,CAST,BCC,
Al1 Co1 Cr1 Fe1 Ni1 Si0.6,BCC,CAST,BCC,
Al1 Co1 Cr1 Fe1 Ni1 Si0.8,BCC+Sec.,CAST,other,
Al0.25 Co1 Cr1 Cu0.5 Fe1 Ni1 Ti0.5,FCC,CAST,FCC,
Al0.25 Co1 Cr1 Cu0.75 Fe1 Ni1 Ti0.5,FCC,CAST,FCC,
Al0.5 Co1 Cr1 Cu0.5 Fe1 Ni1 Ti0.5,FCC+BCC,CAST,other,
Al0.75 Co1 Cr1 Cu0.25 Fe1 Ni1 Ti0.5,FCC+BCC,CAST,other,
Co1 Cr1 Cu1 Fe1 Ni1 Ti0.5,FCC,CAST,FCC,
Al1 Co1 Cr1 Fe1 Ni1 Ti1,BCC+BCC,CAST,other,
Al1 Co1 Cr1 Fe1 Ni1 Ti0.5,BCC+BCC,CAST,other,178
Al0.667 Co0.667 Cr0.667 Fe0.667 Ni0.667 Ti1,BCC+Sec.,CAST,other,
Al1 Co1 Cr1 Fe1 Ni1 Ti1 V1 Zr1,,CAST,other,780
Al1 Co1 Fe1 Ni1 Ti1 V1 Zr1,BCC,CAST,BCC,790
Al1 Fe1 Ni1 Ti1 V1 Zr1,BCC,CAST,BCC,800
Co1 Cr1 Cu1 Fe1 Ni1 Ti1 V1 Zr1,,CAST,other,680
Co1 Cr1 Fe1 Mo1 Ni1 Ti1 V1 Zr1,,CAST,other,850
Co1 Cu1 Fe1 Ni1 Ti1 V1 Zr1,,CAST,other,630
Co1 Fe1 Mo1 Ni1 Ti1 V1 Zr1,,CAST,other,790
Cu1 Fe1 Ni1 Ti1 V1 Zr1,,CAST,other,590
Fe1 Mo1 Ni1 Ti1 V1 Zr1,BCC+Sec.,CAST,other,740
Al0.1 Co1 Cr1 Fe1 Mn1 Ni1,FCC,CAST,FCC,180
Al0.2 Co1 Cr1 Fe1 Mn1 Ni1,FCC,CAST,FCC,171
Al0.38 Co1 Cr1 Fe1 Mn1 Ni1,FCC,CAST,FCC,182
Al0.43 Co1 Cr1 Fe1 Mn1 Ni1,FCC+BCC,CAST,other,183
Al0.49 Co1 Cr1 Fe1 Mn1 Ni1,FCC+BCC,CAST,other,220
Al0.56 Co1 Cr1 Fe1 Mn1 Ni1,FCC+BCC,CAST,other,278
Al0.62 Co1 Cr1 Fe1 Mn1 Ni1,FCC+BCC,CAST,other,405
Al0.68 Co1 Cr1 Fe1 Mn1 Ni1,FCC+BCC,CAST,other,486
Al0.75 Co1 Cr1 Fe1 Mn1 Ni1,FCC+BCC,CAST,other,530
Al0.81 Co1 Cr1 Fe1 Mn1 Ni1,FCC+BCC,CAST,other,539
Al0.88 Co1 Cr1 Fe1 Mn1 Ni1,FCC+BCC,CAST,other,533
Al0.95 Co1 Cr1 Fe1 Mn1 Ni1,FCC+BCC,CAST,other,535
Al1 Co0.8 Cr0.8 Fe0.8 Mn0.8 Ni0.8,BCC,CAST,BCC,539
Co1 Cr1 Fe1 Mn1 Ni1,FCC,CAST,FCC,176
Co1 Cr1 Fe1 Mn1 Ni1,FCC,CAST,FCC,144
Co1 Cr1 Fe1 Mn1 Ni1 V0.25,FCC,CAST,FCC,151
Co1 Cr1 Fe1 Mn1 Ni1 V0.5,FCC,CAST,FCC,186
Co1 Cr1 Fe1 Mn1 Ni1 V0.75,FCC+Sec.,CAST,other,342
Co1 Cr1 Fe1 Mn1 Ni1 V1,FCC+Sec.,CAST,other,650
Al0.2 Cr0.667 Fe1 Mn0.667 Ni0.333,FCC+BCC,CAST,other,297
Al0.333 Cr0.667 Fe1 Mn0.667 Ni0.333,BCC,CAST,BCC,396
Al1 Cr1 Fe1 Ni1,BCC+B2,CAST,other,472
Al1 Cr1 Fe1 Mo1 Ni1,B2+Sec.,CAST,other,905
Al1 Cr1 Fe1 Mo0.2 Ni1,BCC+B2,CAST,other,549
Al1 Cr1 Fe1 Mo0.5 Ni1,BCC+B2,CAST,other,622
Al1 Cr1 Fe1 Mo0.8 Ni1,B2+Sec.,CAST,other,854
Co1 Cr1 Cu0.5 Fe1 Ni1,FCC,CAST,FCC,172
Co1 Cr1 Cu1 Fe1 Ni1 Ti1,FCC,CAST,FCC,
Co1 Cr1 Cu1 Fe1 Ni1 Ti0.5,FCC,CAST,FCC,
Co1 Cr1 Cu1 Fe1 Ni1 Ti0.8,FCC+Sec.,CAST,other,
Al0.5 B0.2 Co1 Cr1 Cu1 Fe1 Ni1,,CAST,other,415
Al0.5 B0.6 Co1 Cr1 Cu1 Fe1 Ni1,,CAST,other,505
Al0.5 B1 Co1 Cr1 Cu1 Fe1 Ni1,,CAST,other,736
Al0.5 Co1 Cr1 Cu1 Fe1 Ni1,,CAST,other,300
Al0.5 Co1 Cr1 Cu1 Fe1 Ni1,FCC,CAST,FCC,225
Al0.5 Co1 Cr1 Cu1 Fe1 Ni1 Ti1,FCC+BCC+Sec.,CAST,other,636
Al0.5 Co1 Cr1 Cu1 Fe1 Ni1 Ti0.2,FCC,CAST,FCC,272
Al0.5 Co1 Cr1 Cu1 Fe1 Ni1 Ti0.4,FCC,CAST,FCC,321
Al0.5 Co1 Cr1 Cu1 Fe1 Ni1 Ti0.6,FCC+BCC,CAST,other,458
Al0.5 Co1 Cr1 Cu1 Fe1 Ni1 Ti0.8,FCC+BCC+Sec.,CAST,other,590
Al0.417 Co0.833 Cr0.833 Cu0.833 Fe0.833 Ni0.833 Ti1,FCC+BCC+Sec.,CAST,other,646
Al0.357 Co0.714 Cr0.714 Cu0.714 Fe0.714 Ni0.714 Ti1,FCC+BCC+B2+Sec.,CAST,other,664
Al0.312 Co0.625 Cr0.625 Cu0.625 Fe0.625 Ni0.625 Ti1,FCC+BCC+B2+Sec.,CAST,other,657
Al0.278 Co0.556 Cr0.556 Cu0.556 Fe0.556 Ni0.556 Ti1,FCC+BCC+B2+Sec.,CAST,other,667
Al0.25 Co0.5 Cr0.5 Cu0.5 Fe0.5 Ni0.5 Ti1,FCC+BCC+B2+Sec.,CAST,other,696
Al0.5 Co1 Cr1 Cu1 Fe1 Ni1,FCC,CAST,FCC,215
Al0.5 Co1 Cr1 Cu1 Fe1 Ni1 V0.2,FCC,CAST,FCC,204
Al0.5 Co1 Cr1 Cu1 Fe1 Ni1 V0.4,FCC+BCC,CAST,other,231
Al0.5 Co1 Cr1 Cu1 Fe1 Ni1 V0.6,FCC+BCC+Sec.,CAST,other,328
Al0.5 Co1 Cr1 Cu1 Fe1 Ni1 V0.8,FCC+BCC+Sec.,CAST,other,447
Al0.5 Co1 Cr1 Cu1 Fe1 Ni1 V1,FCC+BCC+Sec.,CAST,other,639
Al0.417 Co0.833 Cr0.833 Cu0.833 Fe0.833 Ni0.833 V1,BCC,CAST,BCC,579
Al0.357 Co0.714 Cr0.714 Cu0.714 Fe0.714 Ni0.714 V1,BCC,CAST,BCC,577
Al0.312 Co0.625 Cr0.625 Cu0.625 Fe0.625 Ni0.625 V1,BCC,CAST,BCC,594
Al0.278 Co0.556 Cr0.556 Cu0.556 Fe0.556 Ni0.556 V1,BCC,CAST,BCC,597
Al0.25 Co0.5 Cr0.5 Cu0.5 Fe0.5 Ni0.5 V1,BCC,CAST,BCC,587
Al1 Co1 Cr1 Cu1 Fe1 Ni1,FCC+BCC,CAST,other,472
Al1 Co1 Cu1 Fe1 Nd1 Ni1,Other,CAST,other,578
Al1 Co1 Cu1 Fe1 Ni1,FCC+BCC,CAST,other,536
Al1 Co1 Cu1 Fe1 Ni1 Si1,FCC+BCC,CAST,other,682
Al1 Co1 Cu1 Fe1 Ni1 Ti1,FCC+BCC,CAST,other,626
Al1 Co1 Cu1 Fe1 Ni1 Zr1,FCC+BCC+Sec.,CAST,other,472
Al1 Co1 Cr1 Cu1 Fe1 Mn1 Ni1,FCC+BCC+Sec.,CAST,other,
Al1 Co1 Cr1 Cu1 Fe1 Ni1,FCC+BCC,CAST,other,
Al1 Co1 Cr1 Cu1 Fe1 Ni1 Ti1,FCC+BCC+BCC,CAST,other,
Al1 Co1 Cr1 Cu1 Fe1 Ni1 V1,FCC+BCC,CAST,other,
Al1 Co1 Cr1 Cu1 Ni1 Ti1 Y1,Other,CAST,other,
Al1 Co1 Cr1 Cu1 Ni1 Ti1 Y0.5,Other,CAST,other,
Al1 Co1 Cr1 Cu1 Ni1 Ti1 Y0.8,Other,CAST,other,
Co1 Cu1 Fe1 Ni1,FCC,CAST,FCC,
Co1 Cu1 Fe1 Ni1 Sn0.02,FCC,CAST,FCC,
Co1 Cu1 Fe1 Ni1 Sn0.04,FCC+Sec.,CAST,other,
Co1 Cu1 Fe1 Ni1 Sn0.05,FCC+Sec.,CAST,other,
Co1 Cu1 Fe1 Ni1 Sn0.07,FCC+Sec.,CAST,other,
Co1 Cu1 Fe1 Ni1 Sn0.1,FCC+Sec.,CAST,other,
Co1 Cu1 Fe1 Ni1 Sn0.2,FCC+Sec.,CAST,other,
Co1 Cu1 Fe1 Ni1 Sn0.5,FCC+Sec.,CAST,other,
Co1 Cu1 Fe1 Mn1 Ni1,FCC,CAST,FCC,208
Co1 Cu1 Fe1 Mn1 Ni1 Sn0.03,FCC,CAST,FCC,192
Co1 Cu1 Fe1 Mn1 Ni1 Sn0.05,FCC+Sec.,CAST,other,205
Co1 Cu1 Fe1 Mn1 Ni1 Sn0.08,FCC+Sec.,CAST,other,219
Co1 Cu1 Fe1 Mn1 Ni1 Sn0.1,FCC+Sec.,CAST,other,253
Co1 Cu1 Fe1 Mn1 Ni1 Sn0.2,FCC+Sec.,CAST,other,319
Al1 Cu0.889 Fe0.667 Ni0.889 Ti1,FCC,CAST,FCC,516
Al1 Cu0.889 Fe0.667 Ni0.889 Ti1,FCC,CAST,FCC,516
Al1 Cu1 Fe1 Ni1 Ti1,FCC,CAST,FCC,516
Al1 Cu1 Ni1 Ti1,FCC,CAST,FCC,537
Al1 Cu0.062 Li0.062 Mg0.062 Zn0.062,FCC+Sec.,CAST,other,
Al1 Li0.062 Mg0.062 Sn0.062 Zn0.062,FCC+Sec.,CAST,other,
Al1 Cu0.2 Li0.5 Mg1 Zn0.5,Other,CAST,other,
Al1 Cu0.5 Li0.5 Mg1 Sn0.2,Other,CAST,other,
Al1 Li0.5 Mg1 Sn0.2 Zn0.5,FCC+Sec.,CAST,other,
Al1 Li1 Mg1 Sn1 Zn1,FCC+HCP+Sec.,CAST,other,
Al0.3 Hf1 Nb1 Ta1 Ti1 Zr1,BCC,CAST,BCC,353
Al0.5 Hf1 Nb1 Ta1 Ti1 Zr1,BCC,CAST,BCC,396
Al0.75 Hf1 Nb1 Ta1 Ti1 Zr1,BCC,CAST,BCC,427
Al1 Hf1 Nb1 Ta1 Ti1 Zr1,BCC+Sec.,CAST,other,441
Hf1 Nb1 Ta1 Ti1 Zr1,BCC,CAST,BCC,295
Al0.25 Mo1 Nb1 Ti1 V1,BCC,CAST,BCC,460
Al0.5 Mo1 Nb1 Ti1 V1,BCC,CAST,BCC,487
Al0.75 Mo1 Nb1 Ti1 V1,BCC,CAST,BCC,517
Al1 Mo1 Nb1 Ti1 V1,BCC,CAST,BCC,537
Mo1 Nb1 Ti1 V1,BCC,CAST,BCC,441
Al0.25 Nb1 Ta1 Ti1 V1,BCC,CAST,BCC,
Al0.5 Nb1 Ta1 Ti1 V1,BCC,CAST,BCC,
Al1 Nb1 Ta1 Ti1 V1,BCC,CAST,BCC,
Nb1 Ta1 Ti1 V1,BCC,CAST,BCC,
Hf0.5 Mo0.5 Nb1 Ti1 Zr1,BCC,CAST,BCC,
C0.1 Hf0.5 Mo0.5 Nb1 Ti1 Zr1,BCC+Sec.,CAST,other,
C0.3 Hf0.5 Mo0.5 Nb1 Ti1 Zr1,BCC+Sec.,CAST,other,
Hf1 Mo0.25 Nb1 Ta1 Ti1 Zr1,BCC,CAST,BCC,395
Hf1 Mo0.5 Nb1 Ta1 Ti1 Zr1,BCC,CAST,BCC,480
Hf1 Mo0.75 Nb1 Ta1 Ti1 Zr1,BCC,CAST,BCC,492
Hf1 Mo1 Nb1 Ta1 Ti1 Zr1,BCC,CAST,BCC,505
Hf1 Nb1 Ta1 Ti1 Zr1,BCC,CAST,BCC,335
Hf1 Mo1 Nb1 Ta1 Ti1 Zr1,BCC,CAST,BCC,505
Hf1 Mo1 Nb1 Ta1 Ti1 Zr1,BCC,CAST,BCC,
Hf1 Mo1 Nb1 Ta1 Ti1 Zr1,BCC,CAST,BCC,
Hf1 Mo1 Nb1 Ta1 Ti1 Zr1,BCC,CAST,BCC,
Hf1 Mo1 Ta1 Ti1 Zr1,BCC,CAST,BCC,542
Hf1 Mo1 Ta1 Ti1 Zr1,BCC,CAST,BCC,
Hf1 Mo1 Ta1 Ti1 Zr1,BCC,CAST,BCC,
Hf1 Mo1 Ta1 Ti1 Zr1,BCC,CAST,BCC,
Hf1 Mo1 Nb1 Ti1 Zr1,BCC,CAST,BCC,
Hf1 Nb1 Si0.5 Ti1 V1,BCC+Sec.,CAST,other,
Hf1 Nb1 Si0.5 Ti1 V1,BCC+Sec.,CAST,other,
Hf1 Nb1 Si0.5 Ti1 V1,BCC+Sec.,CAST,other,490
Hf0.333 Nb0.333 Ta0.333 Ti1 Zr0.667,BCC,CAST,BCC,301
Hf1 Nb1 Ti1 Zr1,BCC,CAST,BCC,
Mo1 Nb1 Ta1 V1 W1,BCC,CAST,BCC,536
Mo1 Nb1 Ta1 V1 W1,BCC,CAST,BCC,
Mo1 Nb1 Ta1 V1 W1,BCC,CAST,BCC,
Mo1 Nb1 Ta1 V1 W1,BCC,CAST,BCC,
Mo1 Nb1 Ta1 V1 W1,BCC,CAST,BCC,
Mo1 Nb1 Ta1 V1 W1,BCC,CAST,BCC,
Mo1 Nb1 Ta1 V1 W1,BCC,CAST,BCC,
Mo1 Nb1 Ta1 W1,BCC,CAST,BCC,454
Mo1 Nb1 Ta1 W1,BCC,CAST,BCC,
Mo1 Nb1 Ta1 W1,BCC,CAST,BCC,
Mo1 Nb1 Ta1 W1,BCC,CAST,BCC,
Mo1 Nb1 Ta1 W1,BCC,CAST,BCC,
Mo1 Nb1 Ta1 W1,BCC,CAST,BCC,
Mo1 Nb1 Ta1 W1,BCC,CAST,BCC,
Mo1 Nb1 Ti1 V0.25 Zr1,BCC,CAST,BCC,
Mo1 Nb1 Ti1 V0.5 Zr1,BCC,CAST,BCC,
Mo1 Nb1 Ti1 V0.75 Zr1,BCC,CAST,BCC,
Mo1 Nb1 Ti1 V1 Zr1,BCC,CAST,BCC,
Mo0.667 Nb0.667 Ti0.667 V1 Zr0.667,BCC,CAST,BCC,
Mo0.5 Nb0.5 Ti0.5 V1 Zr0.5,BCC,CAST,BCC,
Mo0.333 Nb0.333 Ti0.333 V1 Zr0.333,BCC,CAST,BCC,
Mo1 Nb1 Ti1 Zr1,BCC,CAST,BCC,
Co1 Fe1 Mo0.2 Ni1 V1,FCC+Sec.,CAST,other,267
Co1 Fe1 Mo0.4 Ni1 V1,FCC+Sec.,CAST,other,402
Co1 Fe1 Mo0.6 Ni1 V1,FCC+Sec.,CAST,other,557
Co1 Fe1 Mo0.8 Ni1 V1,FCC+Sec.,CAST,other,606
Co0.833 Fe0.833 Mo0.833 Ni1 V0.833,FCC+Sec.,CAST,other,602
Co0.714 Fe0.714 Mo0.714 Ni1 V0.714,FCC+Sec.,CAST,other,538
Co0.625 Fe0.625 Mo0.625 Ni1 V0.625,FCC+Sec.,CAST,other,520
Co0.556 Fe0.556 Mo0.556 Ni1 V0.556,FCC+Sec.,CAST,other,510
Co0.5 Fe0.5 Mo0.5 Ni1 V0.5,FCC+Sec.,CAST,other,382
Co1 Fe1 Mo1 Ni1 V1,FCC+Sec.,CAST,other,625
Co1 Fe1 Ni1 V1,FCC,CAST,FCC,238
Al0.125 Co1 Cr1 Cu1 Fe1 Mn1 Ni1 Ti1 V1,FCC+BCC,CAST,other,
Al0.25 Co1 Cr1 Cu1 Fe1 Mn1 Ni1 Ti1 V1,BCC,CAST,BCC,
Al0.667 Co1 Cr1 Cu1 Fe1 Mn1 Ni1 Ti1 V1,BCC+Sec.,CAST,other,
Co1 Cr1 Cu1 Fe1 Mn1 Ni1 Ti1 V1,FCC+BCC+Sec.,CAST,other,
Cu1 Mn1 Ni1 Zn0.333,FCC,CAST,FCC,147
Cu1 Mn1 Ni1 Zn0.25,FCC,CAST,FCC,109
Al0.111 Cu1 Mn1 Ni1,FCC+Sec.,CAST,other,241
Cu1 Mn1 Ni1 Sn0.111,FCC+Sec.,CAST,other,318
Al0.053 Cu1 Mn1 Ni1,FCC,CAST,FCC,166
Cu1 Mn1 Ni1 Sn0.053,FCC+Sec.,CAST,other,205
Al0.5 Co1 Cr1 Cu1 Fe1 Ni1,FCC,CAST,FCC,
Al0.5 Co1 Cr1 Cu1 Fe1 Ni1,FCC,CAST,FCC,
Al0.5 Co1 Cr1 Cu1 Fe1 Ni1,FCC,CAST,FCC,
Al0.5 Co1 Cr1 Cu1 Fe1 Ni1,FCC,CAST,FCC,
Al0.5 Co1 Cr1 Cu1 Fe1 Ni1,FCC,CAST,FCC,
Al0.5 Co1 Cr1 Cu1 Fe1 Ni1,FCC,CAST,FCC,
Al0.5 Co1 Cr1 Cu1 Fe1 Ni1,FCC,CAST,FCC,
Al1 Co0.5 Cr0.5 Cu0.5 Fe0.5 Ni0.5,BCC,CAST,BCC,
Al1 Co0.5 Cr0.5 Cu0.5 Fe0.5 Ni0.5,BCC,CAST,BCC,
Al1 Co0.5 Cr0.5 Cu0.5 Fe0.5 Ni0.5,BCC,CAST,BCC,
Al1 Co0.5 Cr0.5 Cu0.5 Fe0.5 Ni0.5,BCC,CAST,BCC,
Al1 Co0.5 Cr0.5 Cu0.5 Fe0.5 Ni0.5,BCC,CAST,BCC,
Al1 Co0.5 Cr0.5 Cu0.5 Fe0.5 Ni0.5,BCC,CAST,BCC,
Al1 Co0.5 Cr0.5 Cu0.5 Fe0.5 Ni0.5,BCC,CAST,BCC,
Al1 Co0.5 Cr0.5 Cu0.5 Fe0.5 Ni0.5,BCC,CAST,BCC,
Al1 Co1 Cr1 Cu1 Fe1 Ni1,FCC+BCC,CAST,other,
Al1 Co1 Cr1 Cu1 Fe1 Ni1,FCC+BCC,CAST,other,
Al1 Co1 Cr1 Cu1 Fe1 Ni1,FCC+BCC,CAST,other,
Al1 Co1 Cr1 Cu1 Fe1 Ni1,FCC+BCC,CAST,other,
Al1 Co1 Cr1 Cu1 Fe1 Ni1,FCC+BCC,CAST,other,
Al1 Co1 Cr1 Cu1 Fe1 Ni1,FCC+BCC,CAST,other,
Al1 Cr1 Mo1 Nb1 Ti1,BCC,CAST,BCC,
Al1 Cr1 Mo1 Nb1 Ti1,BCC,CAST,BCC,
Al1 Cr1 Mo1 Nb1 Ti1,BCC,CAST,BCC,
Al1 Cr1 Mo1 Nb1 Ti1,BCC,CAST,BCC,
Al1 Cr1 Mo1 Nb1 Ti1,BCC,CAST,BCC,
Al1 Cr1 Mo1 Nb1 Ti1,BCC,CAST,BCC,
Co1 Cr1 Mo1 Nb1,BCC+Laves,CAST,other,
Co1 Cr1 Mo1 Nb1 Ti1,BCC+Laves,CAST,other,
Co1 Cr1 Mo1 Nb1 Ti0.2,BCC+Laves,CAST,other,
Co1 Cr1 Mo1 Nb1 Ti0.4,BCC,CAST,BCC,
Co1 Cr1 Mo1 Nb1 Ti0.5,BCC+Laves,CAST,other,
Cr1 Hf1 Nb1 Ti1 Zr1,BCC+Laves,CAST,other,
Hf1 Nb1 Ti1 V1 Zr1,BCC+Laves,CAST,other,
Hf0.26 Nb1 Ta1 Ti0.578 Zr0.416,BCC,CAST,BCC,
Hf0.26 Nb1 Ta1 Ti0.578 Zr0.416,BCC,CAST,BCC,
Hf0.26 Nb1 Ta1 Ti0.578 Zr0.416,BCC,CAST,BCC,
Hf0.26 Nb1 Ta1 Ti0.578 Zr0.416,BCC,CAST,BCC,
Hf0.26 Nb1 Ta1 Ti0.578 Zr0.416,BCC,CAST,BCC,
Hf0.5 Mo0.5 Nb1 Si0.1 Ti1 Zr1,BCC+Sec.,CAST,other,442
Hf0.5 Mo0.5 Nb1 Si0.3 Ti1 Zr1,BCC+Sec.,CAST,other,494
Hf0.5 Mo0.5 Nb1 Si0.5 Ti1 Zr1,BCC+Sec.,CAST,other,524
Hf0.5 Mo0.5 Nb1 Si0.7 Ti1 Zr1,BCC+Sec.,CAST,other,580
Hf0.5 Mo0.5 Nb1 Si0.9 Ti1 Zr1,BCC+Sec.,CAST,other,640
Hf0.5 Mo0.5 Nb1 Ti1 Zr1,BCC+Sec.,CAST,other,400
Hf1 Mo0.5 Nb1 Si0.3 Ti1 V0.5,BCC+Sec.,CAST,other,
Hf1 Mo0.5 Nb1 Si0.3 Ti1 V0.5,BCC+Sec.,CAST,other,
Hf1 Mo0.5 Nb1 Si0.3 Ti1 V0.5,BCC+Sec.,CAST,other,
Hf1 Mo0.5 Nb1 Si0.5 Ti1 V0.5,BCC+Sec.,CAST,other,
Hf1 Mo0.5 Nb1 Si0.5 Ti1 V0.5,BCC+Sec.,CAST,other,
Hf1 Mo0.5 Nb1 Si0.5 Ti1 V0.5,BCC+Sec.,CAST,other,
Hf1 Mo0.5 Nb1 Si0.7 Ti1 V0.5,BCC+Sec.,CAST,other,
Hf1 Mo0.5 Nb1 Si0.7 Ti1 V0.5,BCC+Sec.,CAST,other,
Hf1 Mo0.5 Nb1 Si0.7 Ti1 V0.5,BCC+Sec.,CAST,other,
Hf1 Mo0.5 Nb1 Ti1 V0.5,BCC,CAST,BCC,
Hf1 Mo0.5 Nb1 Ti1 V0.5,BCC,CAST,BCC,
Hf1 Mo0.5 Nb1 Ti1 V0.5,BCC,CAST,BCC,
Hf1 Nb1 Si0.5 Ti1 V1 Zr1,BCC+Laves+Sec.,CAST,other,
Hf1 Nb1 Si0.5 Ti1 V1 Zr1,BCC+Laves+Sec.,CAST,other,
Hf1 Nb1 Si0.5 Ti1 V1 Zr1,BCC+Laves+Sec.,CAST,other,
Hf1 Nb1 Ta1 Ti1 Zr1,BCC,CAST,BCC,
Hf1 Nb1 Ta1 Ti1 Zr1,BCC,CAST,BCC,
Hf1 Nb1 Ta1 Ti1 Zr1,BCC,CAST,BCC,
Hf1 Nb1 Ta1 Ti1 Zr1,BCC,CAST,BCC,
Hf1 Nb1 Ta1 Ti1 Zr1,BCC,CAST,BCC,
Hf1 Nb1 Ta1 Ti1 Zr1,BCC,CAST,BCC,
Al0.2 Mo1 Ta1 Ti1 V1,BCC,CAST,BCC,
Al0.6 Mo1 Ta1 Ti1 V1,BCC,CAST,BCC,
Al1 Mo1 Ta1 Ti1 V1,BCC,CAST,BCC,
Mo1 Ta1 Ti1 V1,BCC,CAST,BCC,
Hf1 Nb1 Ta1 Zr1,BCC,CAST,BCC,365
Hf1 Ta0.4 Ti1 Zr1,BCC+HCP,CAST,other,
Hf1 Ta0.5 Ti1 Zr1,BCC+HCP,CAST,other,
Hf1 Ta0.6 Ti1 Zr1,BCC+HCP,CAST,other,
Hf1 Ta1 Ti1 Zr1,BCC,CAST,BCC,
Mo1 Nb1 Ta1 Ti0.25 W1,BCC,CAST,BCC,478.3
Mo1 Nb1 Ta1 Ti0.5 W1,BCC,CAST,BCC,481.2
Mo1 Nb1 Ta1 Ti0.75 W1,BCC,CAST,BCC,495.6
Mo1 Nb1 Ta1 Ti1 W1,BCC,CAST,BCC,507.5
Mo1 Nb1 Ta1 W1,BCC,CAST,BCC,
Mo1 Nb1 Ta1 Ti1 V1,BCC,CAST,BCC,
Mo1 Nb1 Ta1 Ti1 V1 W1,BCC,CAST,BCC,
Mo1 Nb1 Ta1 Ti1 V1 W1,BCC,CAST,BCC,
Mo1 Nb1 Ta1 Ti1 V1 W1,BCC,CAST,BCC,
Mo1 Nb1 Ta1 Ti1 V1 W1,BCC,CAST,BCC,
Mo1 Nb1 Ta1 Ti1 V1 W1,BCC,CAST,BCC,
Mo1 Nb1 Ta1 Ti1 W1,BCC,CAST,BCC,
Mo1 Nb1 Ta1 Ti1 W1,BCC,CAST,BCC,
Mo1 Nb1 Ta1 Ti1 W1,BCC,CAST,BCC,
Mo1 Nb1 Ta1 Ti1 W1,BCC,CAST,BCC,
Mo1 Nb1 Ta1 Ti1 W1,BCC,CAST,BCC,
Mo1 Nb1 Ta1 Ti1 Zr1,BCC+BCC,CAST,other,
Mo1 Nb1 Ta1 Ti1 Zr1,BCC+BCC,CAST,other,
Nb1 Ta1 Ti1 V1,BCC,CAST,BCC,
Nb1 Ta1 Ti1 V1 W1,BCC,CAST,BCC,
Nb1 Ta1 V1 W1,BCC,CAST,BCC,
Al0.25 Cr0.5 Nb0.5 Ti1 V0.25,BCC,CAST,BCC,
Cr0.5 Fe1 Mn0.625 Ni0.375,FCC+BCC,CAST,other,
Al0.05 Cr0.5 Fe1 Mn0.625 Ni0.375,FCC+BCC,CAST,other,
Al0.15 Cr0.5 Fe1 Mn0.625 Ni0.375,FCC+BCC,CAST,other,
Al0.25 Cr0.5 Fe1 Mn0.625 Ni0.375,B2+BCC,CAST,other,
Al0.35 Cr0.5 Fe1 Mn0.625 Ni0.375,B2+BCC,CAST,other,
Cr0.5 Fe1 Mn0.625 Ni0.375,FCC+BCC,CAST,other,
Al0.05 Cr0.5 Fe1 Mn0.625 Ni0.375,FCC+BCC,CAST,other,
Al0.15 Cr0.5 Fe1 Mn0.625 Ni0.375,FCC+BCC,CAST,other,
Al0.25 Cr0.5 Fe1 Mn0.625 Ni0.375,B2+BCC,CAST,other,
Al0.35 Cr0.5 Fe1 Mn0.625 Ni0.375,B2+BCC,CAST,other,
Cr0.5 Fe1 Mn0.625 Ni0.375,FCC+BCC,CAST,other,
Al0.05 Cr0.5 Fe1 Mn0.625 Ni0.375,FCC+BCC,CAST,other,
Al0.15 Cr0.5 Fe1 Mn0.625 Ni0.375,FCC+BCC,CAST,other,
Al0.25 Cr0.5 Fe1 Mn0.625 Ni0.375,B2+BCC,CAST,other,
Al0.35 Cr0.5 Fe1 Mn0.625 Ni0.375,B2+BCC,CAST,other,
Al0.304 Co1 Cr1 Fe1 Ni1,FCC+L12,CAST,other,
Al1 Co1 Cr1 Fe1 Ni1,BCC+B2,CAST,other,
Al1 Co1 Cr1 Fe1 Ni1,BCC+B2,CAST,other,
Al0.515 Cr0.515 Fe1 Ni1,FCC+BCC+B2,CAST,other,
Al0.343 Co0.514 Cr0.514 Fe1 Ni0.514,BCC+B2,CAST,other,
Al0.343 Co0.514 Cr0.514 Fe1 Ni0.514,,CAST,other,
Al0.343 Co0.514 Cr0.514 Fe1 Ni0.514,,CAST,other,
Al0.343 Co0.514 Cr0.514 Fe1 Ni0.514,,CAST,other,
Co1 Cr0.429 Fe0.571 Mo0.286 Ni0.571,FCC,CAST,FCC,
Co1 Cr1 Fe1 Ni1,FCC,CAST,FCC,
Co1 Cr1 Fe1 Mo0.083 Ni1,,CAST,other,
Co1 Cr1 Fe1 Mo0.208 Ni1,,CAST,other,
Co1 Cr1 Fe1 Mo0.304 Ni1,FCC+Sec.,CAST,other,
Al0.229 Co0.486 Cr0.4 Cu0.229 Fe0.486 Mo0.003 Ni1 Ti0.029 W0.003,,CAST,other,231
Al0.278 Co0.694 Cr0.222 Fe0.417 Ni1 Ti0.167,,CAST,other,343
Al0.885 Cr1 Fe1 Ni1,BCC+B2,CAST,other,
Al1 Cr1 Fe1 Ni1,BCC+B2,CAST,other,
Al1 Cr0.889 Fe0.889 Ni0.889,BCC+B2,CAST,other,
Al1 Cr0.828 Fe0.828 Ni0.828,BCC+B2,CAST,other,
Al1 Cr0.767 Fe0.767 Ni0.767,BCC+B2,CAST,other,
Al0.5 Cr0.5 Fe1 Ni1,BCC+B2,CAST,other,
Al1 Co1 Cr1 Fe1 Ni1,BCC+B2,CAST,other,
Al0.545 Cr0.545 Fe0.515 Ni1 Ti0.273,BCC+B2+L12,CAST,other,
Cr1 Fe1 Ni1 V0.5 W1,FCC+BCC+Sec.,CAST,other,
Al0.515 Cr0.515 Cu0.515 Fe0.515 Ni1,FCC+BCC+B2,CAST,other,
Al0.304 Co1 Cr1 Fe1 Ni1,FCC,CAST,FCC,
Co1 Cr1 Fe1 Ni1,FCC,CAST,FCC,
Al0.511 Co0.511 Cr0.511 Fe0.511 Ni1,FCC+B2,CAST,other,
Al0.465 Co0.465 Cr0.465 Fe0.465 Ni1,FCC+B2,CAST,other,
Al0.451 Co0.451 Cr0.451 Fe0.451 Ni1,FCC+B2,CAST,other,
Al0.242 Co0.515 Cr0.515 Cu0.242 Fe0.515 Ni1,Other,CAST,other,
Al1 Co1 Cr1 Cu1 Fe1 Ni1,BCC+Sec.,CAST,other,
Al1 Co1 Cr1 Fe1 Ni1,BCC+B2,CAST,other,
Al1 Co1 Cr1 Cu1 Fe1 Ni1,BCC+Sec.,CAST,other,
Al0.5 Cr0.5 Fe0.5 Ni1,FCC+BCC+B2,CAST,other,
Al0.429 Cr0.476 Fe0.476 Ni1,FCC+BCC+B2,CAST,other,
Al0.364 Cr0.455 Fe0.455 Ni1,FCC+BCC+B2,CAST,other,
Al0.304 Cr0.435 Fe0.435 Ni1,FCC+BCC+B2,CAST,other,
Al0.25 Cr0.417 Fe0.417 Ni1,FCC,CAST,FCC,
Co1 Cr1 Fe1 Mn1 Ni1,FCC,CAST,FCC,130.2
Co1 Cr1 Fe1 Mn1 Ni1,FCC+BCC,CAST,other,415
Al0.1 Co1 Cr1 Fe1 Mn1 Ni1,FCC+BCC,CAST,other,432
Al0.3 Co1 Cr1 Fe1 Mn1 Ni1,FCC+BCC,CAST,other,511
Al0.5 Co1 Cr1 Fe1 Mn1 Ni1,FCC+BCC,CAST,other,553
Al0.7 Co1 Cr1 Fe1 Mn1 Ni1,FCC+BCC,CAST,other,622
Al1 Co1 Cr1 Fe1 Mn1 Ni1,FCC+BCC,CAST,other,684
Co1 Cr1 Fe1 Ni1,FCC,CAST,FCC,94.7
Al0.3 Co1 Cr1 Fe1 Ni1,FCC,CAST,FCC,117
Al0.6 Co1 Cr1 Fe1 Ni1,FCC+BCC+B2,CAST,other,228
Al0.9 Co1 Cr1 Fe1 Ni1,FCC+BCC+B2,CAST,other,511
Al0.9 Co1 Cr1 Fe1 Ni1 Ti0.5,BCC+B2+Sec.,CAST,other,623
Co1 Cr1 Fe1 Mn1 Ni1,FCC,CAST,FCC,
Co1 Cr1 Fe1 Mn1 Mo0.042 Ni1,FCC,CAST,FCC,
Co1 Cr1 Fe1 Mn1 Mo0.087 Ni1,FCC+Sec.,CAST,other,
Co1 Cr1 Fe1 Mn1 Mo0.136 Ni1,FCC+Sec.,CAST,other,
Co1 Cr1 Fe1 Mn1 Mo0.19 Ni1,FCC+Sec.,CAST,other,
Al1 Co1 Cr1 Ni1,BCC+B2,CAST,other,1183
Cr1 Cu1 Fe1 Mn1 Ni1,Other,CAST,other,
Cr1 Mo1 Nb1 Ta1 V1 W1,,CAST,other,704.6
Co1 Cr1 Cu1 Fe1 Ni1,FCC+B2,CAST,other,160
Al0.5 Co1 Cr1 Cu1 Fe1 Ni1,FCC,CAST,FCC,160
Al1 Co1 Cr1 Cu1 Fe1 Ni1,FCC+BCC,CAST,other,458
Al1 Co0.667 Cr0.667 Cu0.667 Fe0.667 Ni0.667,FCC+BCC,CAST,other,498
Al1 Co0.5 Cr0.5 Cu0.5 Fe0.5 Ni0.5,FCC+BCC,CAST,other,560
Al0.544 C0.001 Co0.69 Fe1 Ni0.69,B2+L12,CAST,other,
Hf1 Mo0.5 Nb1 Ti1 V0.5,BCC,CAST,BCC,
Hf1 Mo1 Nb1 Ta1 Ti1 Zr1,BCC,CAST,BCC,
Hf1 Mo1 Nb1 Ti1 Zr1,BCC,CAST,BCC,
Hf1 Mo1 Ta1 Ti1 Zr1,BCC,CAST,BCC,
Mo1 Nb1 Ta1 Ti1 V1 W1,BCC,CAST,BCC,
Mo1 Nb1 Ta1 Ti1 W1,BCC,CAST,BCC,
Hf1 Mo0.5 Nb1 Si0.3 Ti1 V0.5,BCC+Sec.,CAST,other,
Hf1 Mo0.5 Nb1 Si0.5 Ti1 V0.5,BCC+Sec.,CAST,other,
Hf1 Mo0.5 Nb1 Si0.7 Ti1 V0.5,BCC+Sec.,CAST,other,
Hf1 Mo0.5 Nb1 Ti1 V0.5,BCC,CAST,BCC,
Hf1 Mo1 Nb1 Ta1 Ti1 Zr1,BCC,CAST,BCC,
Hf1 Mo1 Nb1 Ti1 Zr1,BCC,CAST,BCC,
Hf1 Mo1 Ta1 Ti1 Zr1,BCC,CAST,BCC,
Mo1 Nb1 Ta1 Ti1 V1 W1,BCC,CAST,BCC,
Mo1 Nb1 Ta1 Ti1 W1,BCC,CAST,BCC,
Hf1 Mo0.5 Nb1 Si0.3 Ti1 V0.5,BCC+Sec.,CAST,other,
Hf1 Mo0.5 Nb1 Si0.5 Ti1 V0.5,BCC+Sec.,CAST,other,
Hf1 Mo0.5 Nb1 Si0.7 Ti1 V0.5,BCC+Sec.,CAST,other,
Hf1 Mo0.5 Nb1 Ti1 V0.5,BCC,CAST,BCC,
Hf1 Mo1 Nb1 Ta1 Ti1 Zr1,BCC,CAST,BCC,
Hf1 Mo1 Nb1 Ti1 Zr1,BCC,CAST,BCC,
Hf1 Mo1 Ta1 Ti1 Zr1,BCC,CAST,BCC,
Mo1 Nb1 Ta1 Ti1 V1 W1,BCC,CAST,BCC,
Mo1 Nb1 Ta1 Ti1 W1,BCC,CAST,BCC,
Hf1 Mo0.5 Nb1 Si0.3 Ti1 V0.5,BCC+Sec.,CAST,other,
Hf1 Mo0.5 Nb1 Si0.5 Ti1 V0.5,BCC+Sec.,CAST,other,
Hf1 Mo0.5 Nb1 Si0.7 Ti1 V0.5,BCC+Sec.,CAST,other,
Hf1 Mo1 Nb1 Ti1 Zr1,BCC,CAST,BCC,
Co1 Cr1 Fe1 Mn1 Ni1,FCC,CAST,FCC,
Co0.5 Fe0.5 Mo0.1 Ni1 V0.25,FCC,CAST,FCC,
Co0.5 Fe0.5 Mo0.1 Ni1 V0.25,FCC,CAST,FCC,
Co0.5 Fe0.5 Mo0.1 Ni1 V0.25,FCC,CAST,FCC,
Co0.5 Fe0.5 Mo0.1 Ni1 V0.25,FCC,CAST,FCC,
Co0.5 Fe0.5 Mo0.1 Ni1 V0.25,FCC,CAST,FCC,
Co0.5 Fe0.5 Mo0.1 Ni1 V0.25,FCC,CAST,FCC,
Al0.3 Co1 Cr1 Fe1 Ni1,FCC,CAST,FCC,132
Al0.3 Co1 Cr1 Fe1 Ni1,FCC,CAST,FCC,147
Al0.3 Co1 Cr1 Fe1 Ni1,FCC,CAST,FCC,165
Al1 Co1 Cr1 Fe1 Ni1,B2+BCC,CAST,other,519
Al1 Co1 Cr1 Fe1 Ni1,B2+BCC,CAST,other,493
Cr1 Cu1 Fe1 Mn1 Ni1,FCC+BCC,CAST,other,
Mo1 Nb1 Re0.5 W1,BCC,CAST,BCC,473
C0.2 Mo1 Nb1 Re0.5 Ta0.2 W1,BCC+Sec.,CAST,other,510
C0.4 Mo1 Nb1 Re0.5 Ta0.4 W1,BCC+Sec.,CAST,other,558
C0.5 Mo1 Nb1 Re0.5 Ta0.5 W1,BCC+Sec.,CAST,other,583
C0.6 Mo1 Nb1 Re0.5 Ta0.6 W1,BCC+Sec.,CAST,other,615
Al1 Co0.5 Cr0.5 Fe0.5 Ni0.5,BCC+B2,CAST,other,581.7
Al1 Co0.556 Cr0.556 Fe0.556 Ni0.556 Ti0.111,BCC+B2,CAST,other,605.5
Al1 Co0.667 Cr0.667 Fe0.667 Ni0.667 Ti0.333,BCC+B2,CAST,other,641.7
Al1 Co0.833 Cr0.833 Fe0.833 Ni0.833 Ti0.667,BCC+B2,CAST,other,639.6
Al1 Co1 Cr1 Fe1 Ni1 Ti1,BCC+B2+Laves,CAST,other,703
Al0.667 Co0.833 Cr0.833 Fe0.833 Ni0.833 Ti1,BCC+B2+Laves,CAST,other,856.9
Hf1 Nb1 Ta1 Ti1 W1 Zr1,BCC+Laves,CAST,other,
Hf1 Mo1 Nb1 Ta1 Ti1 W1 Zr1,BCC+Laves,CAST,other,
Hf1 Nb1 Ta1 Ti1 W1 Zr1,BCC+Laves,CAST,other,
Hf1 Mo1 Nb1 Ta1 Ti1 W1 Zr1,BCC+Laves,CAST,other,
Hf1 Nb1 Ta1 Ti1 W1 Zr1,BCC+Laves,CAST,other,
Hf1 Mo1 Nb1 Ta1 Ti1 W1 Zr1,BCC+Laves,CAST,other,
Hf1 Nb1 Ta1 Ti1 W1 Zr1,BCC+Laves,CAST,other,
Hf1 Mo1 Nb1 Ta1 Ti1 W1 Zr1,BCC+Laves,CAST,other,
Nb1 Ti1 Zr1,BCC,CAST,BCC,372
Hf1 Nb1 Ti1 Zr1,BCC,CAST,BCC,351
Nb1 Ti1 Zr1,BCC,CAST,BCC,
Hf1 Nb1 Ti1 Zr1,BCC,CAST,BCC,
Nb1 Ti1 Zr1,BCC,CAST,BCC,
Hf1 Nb1 Ti1 Zr1,BCC,CAST,BCC,
Co1 Cr1 Fe1 Ni1,FCC,CAST,FCC,168.9
Co1 Cr1 Fe1 Ni1 W0.2,FCC,CAST,FCC,244
Co1 Cr1 Fe1 Ni1 W0.5,FCC+Sec.,CAST,other,357.9
Cr1 Fe1 Mo1 Nb1 V1,BCC+Laves,CAST,other,826
Cr1 Fe1 Mo1 Nb1 Ti1,BCC+Laves,CAST,other,792
Fe1 Mo1 Nb1 Ti1 V1,BCC+B2,CAST,other,699
Al1 Nb1 Ta1 Ti1,BCC,CAST,BCC,
Al1 Nb1 Ta1 Ti1,BCC,CAST,BCC,
Al1 Nb1 Ta1 Ti1,BCC,CAST,BCC,
Hf0.25 Ti1 V0.5 Zr0.5,BCC,CAST,BCC,338.3
Hf0.25 Ti1 V0.5 Zr0.5,BCC,CAST,BCC,338.3
Hf0.25 Ti1 V0.5 Zr0.5,BCC,CAST,BCC,338.3
Hf0.25 Nb0.125 Ti1 V0.5 Zr0.5,BCC,CAST,BCC,332.4
Hf0.25 Nb0.25 Ti1 V0.5 Zr0.5,BCC,CAST,BCC,322.5
Hf0.25 Nb0.25 Ti1 V0.5 Zr0.5,BCC,CAST,BCC,322.5
Hf0.25 Nb0.25 Ti1 V0.5 Zr0.5,BCC,CAST,BCC,322.5
Hf0.25 Nb0.375 Ti1 V0.5 Zr0.5,BCC,CAST,BCC,318.9
Hf0.25 Nb0.5 Ti1 V0.5 Zr0.5,BCC,CAST,BCC,310.4
Hf0.25 Nb0.5 Ti1 V0.5 Zr0.5,BCC,CAST,BCC,310.4
Hf0.25 Nb0.5 Ti1 V0.5 Zr0.5,BCC,CAST,BCC,310.4
Co0.476 Cr0.476 Fe0.476 Nb0.095 Ni1,FCC+Laves,CAST,other,
Co0.476 Cr0.476 Fe0.476 Nb0.19 Ni1,FCC+Laves,CAST,other,
Co0.25 Cr0.25 Fe1 Mn1,FCC,CAST,FCC,
Co0.25 Cr0.25 Fe1 Mn1,FCC,CAST,FCC,
Al0.143 Cr0.343 Fe1 Mn0.8 Ni0.571,FCC,CAST,FCC,
Al0.143 Cr0.343 Fe1 Mn0.8 Ni0.571,FCC,CAST,FCC,
Co1 Cu1 Fe1 Mn1 Ni1,FCC,CAST,FCC,
Co1 Cu1 Fe1 Mn1 Ni1,FCC,CAST,FCC,
Co1 Cu1 Fe1 Mn1 Ni1,FCC,CAST,FCC,
Co1 Cr1 Fe1 Mo0.15 Ni1,FCC,CAST,FCC,
Al1 Co1 Cr0.091 Nb0.727 W0.212,,CAST,other,1084
Co1 Cr0.917 Ni1 Ta0.5 Ti0.75,,CAST,other,1011
Al0.947 Co0.158 Mo1 Ni0.289 W0.237,,CAST,other,725
Co0.043 Nb0.638 Ni1 Ta0.255 Ti0.191,,CAST,other,815
Co0.273 Cr0.477 Nb0.477 Ni0.045 Ti1,,CAST,other,422
Co1 Cr0.487 Nb0.231 Ta0.026 Ti0.821,,CAST,other,856
Co0.564 Nb0.795 Ta0.103 Ti1 W0.103,,CAST,other,277
Al1 Co1 Cu1 Fe1 Ni0.5,FCC+BCC+B2,CAST,other,430.9
Al1 Co1 Cu1 Fe1 Ni0.8,FCC+BCC+B2,CAST,other,420
Al1 Co1 Cu1 Fe1 Ni1,FCC+BCC+B2,CAST,other,391.4
Al0.667 Co0.667 Cu0.667 Fe0.667 Ni1,FCC+BCC+B2,CAST,other,323.8
Al0.5 Co0.5 Cu0.5 Fe0.5 Ni1,FCC+BCC+B2,CAST,other,299.2
Al0.333 Co0.333 Cu0.333 Fe0.333 Ni1,FCC,CAST,FCC,279.6
Al0.5 Cr1 Fe1 Mn1 Ni1,BCC+B2,CAST,other,353
Al0.6 Cr1 Fe1 Mn1 Ni1,BCC+B2,CAST,other,361
Al0.7 Cr1 Fe1 Mn1 Ni1,BCC+B2,CAST,other,375
Al0.8 Cr1 Fe1 Mn1 Ni1,BCC+B2,CAST,other,386
Co1 Cr0.2 Fe1 Ni1 Si0.2,FCC,CAST,FCC,130.1
Al1 Cu0.077 Fe0.077 Mg0.077 Si0.231 Zn0.077,FCC,CAST,FCC,
Al1 Cu0.077 Mg0.077 Ni0.077 Si0.231 Zn0.077,FCC,CAST,FCC,
Al1 Cr0.077 Cu0.077 Mg0.077 Si0.231 Zn0.077,FCC,CAST,FCC,
Al1 Cu0.077 Mg0.077 Mn0.077 Si0.231 Zn0.077,FCC,CAST,FCC,
Al1 Cu0.077 Mg0.077 Si0.231 Zn0.077 Zr0.077,FCC+Laves,CAST,other,
Co1 Cr1 Fe1 Mo0.2 Ni1,FCC,CAST,FCC,
Al0.569 Ca0.143 Li0.857 Mg1 Si0.286 Y0.003,,CAST,other,
Al0.429 Ca0.286 Li1 Mg1 Si0.143,,CAST,other,
Al0.312 Ca0.021 Li0.792 Mg1 Si0.021,,CAST,other,
Al0.333 Ca0.011 Li0.844 Mg1 Si0.033,,CAST,other,
Al0.333 Ca0.011 Li0.867 Mg1 Si0.011,,CAST,other,
Co1 Cr1 Fe1 Ni1 Pd1,FCC,CAST,FCC,295
Co1 Cr1 Fe1 Mn0.2 Ni1 Pd1,FCC+Sec.,CAST,other,470
Co1 Cr1 Fe1 Mn0.4 Ni1 Pd1,FCC+Sec.,CAST,other,380
Co1 Cr1 Fe1 Mn0.6 Ni1 Pd1,FCC+Sec.,CAST,other,180
Co1 Cr1 Fe1 Mn0.8 Ni1 Pd1,FCC+Sec.,CAST,other,160
Cr1 Fe1 Ni1 Ti0.2,BCC+FCC,CAST,other,362.2
Cr1 Fe1 Ni1 Ti0.3,BCC+FCC,CAST,other,510.3
Cr1 Fe1 Ni1 Ti0.4,BCC,CAST,BCC,600.3
Cr1 Fe1 Ni1 Ti0.5,BCC,CAST,BCC,709.6
Cr1 Fe1 Ni1 Ti0.6,BCC,CAST,BCC,718.2
Co0.2 Cr0.2 Fe1 Mn0.6,FCC+Sec.,CAST,other,296
B0.006 Co0.201 Cr0.201 Fe1 Mn0.604,FCC+Sec.,CAST,other,282
B0.012 Co0.202 Cr0.202 Fe1 Mn0.607,FCC+Sec.,CAST,other,306
B0.035 Co0.207 Cr0.207 Fe1 Mn0.621,FCC+Sec.,CAST,other,452
Al0.186 Cr0.149 Fe1 Mn0.861 Ni0.28,,CAST,other,
Al0.186 Cr0.149 Fe1 Mn0.861 Ni0.28,,CAST,other,
Hf1 Ti1 Zr1,Other,CAST,other,211
Hf1 Sc1 Ti1 Zr1,Other,CAST,other,233
Hf1 Ti1 Y1 Zr1,Other,CAST,other,241
Hf1 Sc1 Ti1 Y1 Zr1,Other,CAST,other,256
Co1 Cr1 Fe1 Ga1 Ni1,FCC+BCC,CAST,other,
Al0.562 Co0.938 Cr0.312 Fe0.312 Ni1,FCC+BCC,CAST,other,305.4
Al0.581 Co0.968 Cr0.323 Fe0.323 Mo0.032 Ni1,FCC+BCC,CAST,other,357.3
Al0.6 Co1 Cr0.333 Fe0.333 Mo0.067 Ni1,FCC+BCC,CAST,other,362.6
Al0.6 Co1 Cr0.333 Fe0.333 Mo0.1 Ni0.967,FCC+BCC,CAST,other,359.7
Co1 Cr1 Cu1 Fe1 Ni1,FCC,CAST,FCC,
Co1 Cr1 Cu1 Fe1 Ni1 V0.042,FCC+Sec.,CAST,other,
Co1 Cr1 Cu1 Fe1 Ni1 V0.087,FCC+Sec.,CAST,other,
Co1 Cr1 Cu1 Fe1 Ni1 V0.136,FCC+Sec.,CAST,other,
Co1 Cr1 Cu1 Fe1 Ni1 V0.19,FCC+Sec.,CAST,other,
Hf1 Nb1 Ta1 Ti1 Zr1,BCC,CAST,BCC,359
Nb1 Ta1 Ti1 Zr1,BCC,CAST,BCC,358
Nb1 Ta1 Ti1,BCC,CAST,BCC,246
Ta1 Ti1 Zr1,BCC+Sec.,CAST,other,485
Nb1 Ti1 Zr1,BCC,CAST,BCC,295
Nb1 Ta0.667 Ti0.667 Zr0.333,BCC+Sec.,CAST,other,294
Nb0.333 Ta0.667 Ti0.667 Zr1,BCC+Sec.,CAST,other,489
Al0.774 Fe1 Mn0.903 Ni0.484,,CAST,other,310
Al0.774 Fe1 Mn0.903 Ni0.484 Ti0.026,,CAST,other,330
Al0.774 Fe1 Mn0.903 Ni0.484 Ti0.097,,CAST,other,500
Cr1 Cu1 Fe1 Ni1 Ti1,FCC+BCC,CAST,other,
Al0.5 Cr1 Cu1 Fe1 Ni1,FCC,CAST,FCC,226
Hf1 Mo1 Nb1 Ta1 Ti1 Zr1,BCC,CAST,BCC,
Hf1 Mo1 Ta1 Ti1 Zr1,BCC,CAST,BCC,
Hf1 Mo1 Nb1 Ti1 Zr1,BCC,CAST,BCC,
Hf1 Mo1 Nb1 Ta1 Zr1,BCC,CAST,BCC,
Hf1 Mo1 Nb1 Ta1 Ti1,BCC,CAST,BCC,
Hf1 Mo1 Nb1 Ta1 Ti1 Zr1,BCC,CAST,BCC,
Hf1 Mo1 Ta1 Ti1 Zr1,BCC,CAST,BCC,
Hf1 Mo1 Nb1 Ti1 Zr1,BCC,CAST,BCC,
Hf1 Mo1 Nb1 Ta1 Zr1,BCC,CAST,BCC,
Hf1 Mo1 Nb1 Ta1 Ti1,BCC,CAST,BCC,
Hf1 Mo1 Nb1 Ta1 Ti1 Zr1,BCC,CAST,BCC,
Hf1 Mo1 Ta1 Ti1 Zr1,BCC,CAST,BCC,
Hf1 Mo1 Nb1 Ti1 Zr1,BCC,CAST,BCC,
Hf1 Mo1 Nb1 Ta1 Zr1,BCC,CAST,BCC,
Hf1 Mo1 Nb1 Ta1 Ti1,BCC,CAST,BCC,
Hf1 Mo1 Nb1 Ta1 Ti1 Zr1,BCC,CAST,BCC,
Hf1 Mo1 Ta1 Ti1 Zr1,BCC,CAST,BCC,
Hf1 Mo1 Nb1 Ti1 Zr1,BCC,CAST,BCC,
Hf1 Mo1 Nb1 Ta1 Zr1,BCC,CAST,BCC,
Hf1 Mo1 Nb1 Ta1 Ti1,BCC,CAST,BCC,
Hf1 Mo1 Nb1 Ta1 Zr1,BCC,CAST,BCC,
Hf1 Mo1 Nb1 Ta1 Ti1,BCC,CAST,BCC,
Al1 Nb1 Ti1 Zr1,B2,CAST,other,422
Al1 Cr1 Fe1 Mo0.5 Ni1,BCC+B2,CAST,other,623.7
Al1 Cr1 Fe1 Mo0.5 Ni1 Ti0.25,BCC+B2,CAST,other,712
Al1 Cr1 Fe1 Mo0.5 Ni1 Ti0.4,BCC+B2,CAST,other,731.9
Al1 Cr1 Fe1 Mo0.5 Ni1 Ti0.5,BCC+B2,CAST,other,751.7
Al1 Cr1 Fe1 Mo0.5 Ni1 Ti0.6,BCC+B2,CAST,other,756.1
Al1 Cr1 Fe1 Mo0.5 Ni1 Ti0.75,BCC+B2,CAST,other,766.2
Al1 Cr1 Mo1 Nb1,Other,CAST,other,
Al1 Hf1 Nb1 Ti1,B2,CAST,other,
Al1 Hf1 Ta1 Ti1,B2,CAST,other,
Al1 Mo1 Nb1 Ti1,BCC,CAST,BCC,509
Al1 Nb1 Ta1 Ti1,BCC,CAST,BCC,458
Cr1 Mo1 Ta1 Ti1,BCC,CAST,BCC,539
Cr1 Nb1 Ta1 Ti1,BCC,CAST,BCC,495
Cr1 Nb1 Ti1 W1,BCC,CAST,BCC,630
Hf1 Nb1 Ta1 Ti1,BCC,CAST,BCC,270
Mo1 Nb1 Ta1 Ti1 W1,BCC,CAST,BCC,446
Mo1 Nb1 Ta1 Ti1,BCC,CAST,BCC,431
